PLAYER,TEAM,AGE,GP,W,L,MIN,PTS,FGM,FGA,FG%,3PM,3PA,3P%,FTM,FTA,FT%,OREB,DREB,REB,AST,TOV,STL,BLK,PF,FP,DD2,TD3,+/-,
Zaza Pachulia,DET,34,1,1,0,5,3,1,3,33.3,0,0,0,1,1,100,1,0,1,0,1,0,0,0,3.2,0,0,-3,
Zach LaVine,CHI,23,1,0,1,32,10,3,11,27.3,0,2,0,4,4,100,1,8,9,4,4,1,0,0,25.8,0,0,-21,
Zach Collins,POR,20,1,0,1,16,5,2,7,28.6,1,4,25,0,0,0,0,0,0,0,2,1,1,2,9,0,0,-13,
Yuta Watanabe,MEM,24,1,1,0,8,0,0,1,0,0,1,0,0,0,0,0,2,2,0,0,0,1,0,5.4,0,0,3,
Wilson Chandler,PHI,31,1,0,1,23,14,6,10,60,2,4,50,0,0,0,3,1,4,0,1,1,0,2,20.8,0,0,2,
Wesley Matthews,DAL,32,1,1,0,21,9,4,5,80,1,2,50,0,0,0,0,2,2,0,1,3,1,1,22.4,0,0,17,
Wesley Johnson,NOP,31,1,0,1,30,5,2,3,66.7,1,1,100,0,0,0,1,6,7,5,1,1,0,3,22.9,0,0,9,
Wes Iwundu,ORL,23,1,1,0,19,11,4,5,80,1,1,100,2,2,100,0,1,1,0,0,2,0,0,18.2,0,0,-5,
Wendell Carter Jr.,CHI,19,1,0,1,26,11,5,13,38.5,0,1,0,1,1,100,1,6,7,0,2,0,1,1,20.4,0,0,-15,
Wayne Selden,MEM,24,1,1,0,21,9,4,8,50,0,4,0,1,1,100,2,0,2,2,0,0,0,1,14.4,0,0,-1,
Wayne Ellington,MIA,30,1,1,0,26,8,3,6,50,2,5,40,0,0,0,0,1,1,3,0,3,0,2,22.7,0,0,-3,
Udonis Haslem,MIA,38,1,1,0,2,2,1,2,50,0,0,0,0,0,0,0,0,0,0,0,0,0,1,2,0,0,1,
Tyus Jones,MIN,22,1,1,0,11,0,0,0,0,0,0,0,0,0,0,0,0,0,3,2,1,0,1,5.5,0,0,16,
Tyson Chandler,LAL,36,1,1,0,21,4,1,1,100,0,0,0,2,2,100,2,4,6,1,0,0,0,4,12.7,0,0,6,
Tyler Johnson,MIA,26,1,1,0,31,24,9,12,75,2,5,40,4,4,100,1,4,5,1,1,0,2,0,36.5,0,0,6,
Troy Brown Jr.,WAS,19,1,1,0,4,2,1,1,100,0,0,0,0,0,0,0,0,0,2,0,0,0,0,5,0,0,2,
Tristan Thompson,CLE,27,1,0,1,19,9,3,6,50,0,0,0,3,6,50,3,5,8,2,2,2,1,3,28.6,0,0,-5,
Tony Snell,MIL,27,1,0,1,18,0,0,2,0,0,2,0,0,0,0,0,1,1,1,0,0,2,2,8.7,0,0,14,
Tomas Satoransky,WAS,27,1,1,0,17,8,4,6,66.7,0,1,0,0,0,0,1,0,1,4,1,3,0,2,23.2,0,0,15,
Timothe Luwawu-Cabarrot,OKC,23,1,1,0,1,0,0,0,0,0,0,0,0,0,0,0,0,0,0,0,0,0,0,0,0,0,4,
Tim Hardaway Jr.,NYK,26,1,0,1,25,20,6,12,50,3,8,37.5,5,7,71.4,0,3,3,1,2,0,1,1,26.1,0,0,-14,
Tim Frazier,NOP,28,1,0,1,6,0,0,1,0,0,1,0,0,0,0,0,0,0,2,0,1,0,0,6,0,0,-8,
Thon Maker,MIL,21,1,0,1,9,3,1,2,50,1,2,50,0,0,0,0,2,2,1,0,0,2,2,12.9,0,0,17,
Thomas Bryant,WAS,21,1,1,0,4,6,2,2,100,0,0,0,2,2,100,0,1,1,0,0,0,0,2,7.2,0,0,2,
Thabo Sefolosha,UTA,34,1,0,1,12,0,0,1,0,0,1,0,0,0,0,0,3,3,0,0,0,0,0,3.6,0,0,-25,
Terry Rozier,BOS,24,1,1,0,30,12,5,15,33.3,0,5,0,2,2,100,0,4,4,2,0,1,0,1,22.8,0,0,19,
Terrence Ross,ORL,27,1,1,0,31,15,6,9,66.7,3,5,60,0,0,0,0,7,7,1,2,1,0,1,25.9,0,0,13,
Terrance Ferguson,OKC,20,1,1,0,32,7,3,7,42.9,1,4,25,0,0,0,1,5,6,3,1,0,0,3,17.7,0,0,16,
Taj Gibson,MIN,33,1,1,0,28,10,4,7,57.1,0,0,0,2,4,50,1,3,4,1,0,1,1,2,22.3,0,0,0,
T.J. Warren,PHX,25,1,1,0,38,27,10,17,58.8,3,8,37.5,4,4,100,0,4,4,2,0,3,0,4,43.8,0,0,24,
Steven Adams,OKC,25,1,1,0,30,19,9,13,69.2,0,0,0,1,2,50,2,4,6,5,2,2,1,1,40.7,0,0,25,
Stanley Johnson,DET,22,1,1,0,22,12,5,8,62.5,2,5,40,0,0,0,0,2,2,1,0,2,0,3,21.9,0,0,5,
Spencer Dinwiddie,BKN,25,1,0,1,29,18,6,12,50,1,5,20,5,7,71.4,1,2,3,5,4,1,0,1,28.1,0,0,-24,
Shelvin Mack,MEM,28,1,1,0,29,15,5,12,41.7,3,6,50,2,3,66.7,0,6,6,5,0,1,0,1,32.7,0,0,-1,
Shaquille Harrison,CHI,25,1,0,1,23,16,7,10,70,0,0,0,2,2,100,0,6,6,1,0,4,0,2,36.7,0,0,-19,
Shabazz Napier,BKN,27,1,0,1,26,13,5,13,38.5,1,3,33.3,2,2,100,0,2,2,2,0,2,0,3,24.4,0,0,-5,
Seth Curry,POR,28,1,0,1,8,0,0,1,0,0,0,0,0,0,0,0,1,1,0,0,0,0,0,1.2,0,0,2,
Semi Ojeleye,BOS,23,1,1,0,21,4,2,2,100,0,0,0,0,0,0,1,1,2,0,2,0,0,0,4.4,0,0,23,
Salah Mejri,DAL,32,1,1,0,7,6,2,2,100,0,0,0,2,2,100,0,1,1,0,0,0,0,0,7.2,0,0,13,
Ryan Broekhoff,DAL,28,1,1,0,8,5,2,2,100,1,1,100,0,0,0,0,2,2,0,0,0,0,1,7.4,0,0,17,
Ryan Arcidiacono,CHI,24,1,0,1,31,8,3,5,60,2,4,50,0,0,0,0,8,8,3,1,1,0,4,24.1,0,0,-11,
Ryan Anderson,PHX,30,1,1,0,7,0,0,1,0,0,1,0,0,0,0,0,1,1,0,0,0,1,2,4.2,0,0,-4,
Rudy Gobert,UTA,26,1,0,1,26,10,4,6,66.7,0,0,0,2,6,33.3,3,7,10,2,0,3,0,1,34,1,0,-20,
Royce O'Neale,UTA,25,1,0,1,10,1,0,1,0,0,1,0,1,2,50,0,0,0,0,1,1,0,2,3,0,0,-18,
Rondae Hollis-Jefferson,BKN,23,1,0,1,23,14,6,13,46.2,0,1,0,2,5,40,5,4,9,0,2,1,1,2,28.8,0,0,-10,
Ron Baker,NYK,25,1,0,1,5,2,1,1,100,0,0,0,0,0,0,0,0,0,1,1,0,0,2,2.5,0,0,-1,
Rodney McGruder,MIA,27,1,1,0,34,10,4,9,44.4,0,4,0,2,3,66.7,0,4,4,3,2,1,0,3,20.3,0,0,6,
Rodney Hood,CLE,26,1,0,1,16,10,2,5,40,0,1,0,6,6,100,0,2,2,2,1,0,0,3,14.4,0,0,-11,
Rodions Kurucs,BKN,20,1,0,1,7,2,1,2,50,0,0,0,0,0,0,0,2,2,0,0,1,0,1,7.4,0,0,7,
Robin Lopez,CHI,30,1,0,1,13,2,1,4,25,0,0,0,0,0,0,2,0,2,0,2,0,0,1,2.4,0,0,-13,
Robert Covington,MIN,27,1,1,0,41,13,4,11,36.4,3,7,42.9,2,2,100,0,7,7,2,1,2,1,2,32.4,0,0,4,
Ricky Rubio,UTA,28,1,0,1,25,11,3,9,33.3,1,5,20,4,4,100,0,3,3,3,4,4,0,2,27.1,0,0,-14,
Richaun Holmes,PHX,25,1,1,0,18,4,2,6,33.3,0,0,0,0,0,0,2,2,4,1,3,2,0,5,13.3,0,0,4,
Reggie Jackson,DET,28,1,1,0,27,13,6,14,42.9,1,4,25,0,0,0,0,1,1,6,3,0,0,2,20.2,0,0,3,
Reggie Bullock,DET,27,1,1,0,29,5,2,9,22.2,1,7,14.3,0,0,0,0,1,1,2,1,2,0,3,14.2,0,0,-1,
Raymond Felton,OKC,34,1,1,0,17,8,2,5,40,2,4,50,2,2,100,0,1,1,3,2,0,1,3,14.7,0,0,-9,
Rajon Rondo,LAL,32,1,1,0,16,0,0,4,0,0,1,0,0,0,0,0,2,2,3,1,2,0,0,11.9,0,0,2,
Quincy Pondexter,SAS,30,1,0,1,11,2,1,1,100,0,0,0,0,0,0,1,0,1,1,1,0,0,0,3.7,0,0,-8,
Paul George,OKC,28,1,1,0,29,35,13,22,59.1,5,11,45.5,4,4,100,1,6,7,5,0,2,1,3,59.9,0,0,17,
Patty Mills,SAS,30,1,0,1,21,8,4,6,66.7,0,2,0,0,0,0,1,0,1,3,1,3,0,3,21.7,0,0,-1,
Patrick Patterson,OKC,29,1,1,0,18,5,2,4,50,0,0,0,1,2,50,2,0,2,1,1,1,0,0,10.9,0,0,22,
Pat Connaughton,MIL,25,1,0,1,27,16,6,9,66.7,2,5,40,2,4,50,2,4,6,2,1,2,1,1,34.2,0,0,21,
Pascal Siakam,TOR,24,1,0,1,29,17,8,12,66.7,1,1,100,0,1,0,2,5,7,2,1,1,1,4,33.4,0,0,0,
Otto Porter Jr.,WAS,25,1,1,0,26,15,7,11,63.6,1,3,33.3,0,0,0,1,3,4,3,3,2,0,0,27.3,0,0,10,
OG Anunoby,TOR,21,1,0,1,24,7,3,12,25,1,6,16.7,0,2,0,2,1,3,2,0,2,1,3,22.6,0,0,1,
Noah Vonleh,NYK,23,1,0,1,20,9,3,7,42.9,0,1,0,3,3,100,2,2,4,0,0,0,0,0,13.8,0,0,-20,
Nikola Vucevic,ORL,28,1,1,0,39,30,10,19,52.6,3,6,50,7,8,87.5,0,8,8,4,1,2,0,1,50.6,0,0,21,
Nikola Mirotic,NOP,27,1,0,1,33,16,7,14,50,2,8,25,0,0,0,1,9,10,1,2,1,0,3,30.5,1,0,0,
Nik Stauskas,POR,25,1,0,1,14,0,0,2,0,0,0,0,0,0,0,0,1,1,2,1,1,0,1,6.2,0,0,-6,
Nerlens Noel,OKC,24,1,1,0,14,2,1,2,50,0,0,0,0,0,0,3,2,5,2,1,1,2,3,19,0,0,-4,
Mo Bamba,ORL,20,1,1,0,9,4,2,6,33.3,0,1,0,0,0,0,1,3,4,0,0,0,0,2,8.8,0,0,-16,
Mitchell Robinson,NYK,20,1,0,1,18,6,3,4,75,0,0,0,0,0,0,0,1,1,1,0,1,3,4,20.7,0,0,-12,
Mike Muscala,PHI,27,1,0,1,26,5,2,6,33.3,1,4,25,0,2,0,3,2,5,2,2,0,0,4,12,0,0,-4,
Mike Conley,MEM,31,1,1,0,36,26,9,16,56.3,2,6,33.3,6,8,75,0,2,2,4,2,2,0,2,38.4,0,0,-7,
Mikal Bridges,PHX,22,1,1,0,25,8,4,6,66.7,0,2,0,0,0,0,0,2,2,0,0,0,1,3,13.4,0,0,23,
Meyers Leonard,POR,26,1,0,1,8,7,3,5,60,1,2,50,0,0,0,0,6,6,0,0,0,0,0,14.2,0,0,-1,
Maxi Kleber,DAL,26,1,1,0,21,4,2,4,50,0,1,0,0,0,0,1,6,7,0,1,1,1,0,17.4,0,0,31,
Markieff Morris,WAS,29,1,1,0,21,11,3,6,50,3,6,50,2,2,100,1,1,2,1,0,1,0,1,17.9,0,0,7,
Markelle Fultz,PHI,20,1,0,1,21,8,4,6,66.7,0,0,0,0,0,0,2,1,3,2,1,0,0,3,13.6,0,0,0,
Mario Hezonja,NYK,23,1,0,1,22,6,3,9,33.3,0,2,0,0,0,0,1,5,6,2,3,0,1,1,16.2,0,0,-7,
Marcus Smart,BOS,24,1,1,0,18,8,3,6,50,2,4,50,0,0,0,0,1,1,2,2,1,0,3,13.2,0,0,8,
Marco Belinelli,SAS,32,1,0,1,25,10,4,12,33.3,2,6,33.3,0,0,0,0,3,3,1,0,1,1,0,21.1,0,0,-7,
Marc Gasol,MEM,33,1,1,0,38,29,10,18,55.6,6,12,50,3,5,60,1,4,5,2,5,1,1,1,39,0,0,9,
MarShon Brooks,MEM,29,1,1,0,16,7,3,6,50,1,2,50,0,0,0,0,2,2,3,2,0,1,1,14.9,0,0,-1,
Malcolm Brogdon,MIL,25,1,0,1,27,8,4,11,36.4,0,3,0,0,0,0,1,4,5,0,4,0,1,0,13,0,0,-30,
Malachi Richardson,TOR,22,1,0,1,9,0,0,2,0,0,1,0,0,0,0,0,2,2,0,1,0,0,2,1.4,0,0,-1,
Luka Doncic,DAL,19,1,1,0,25,13,5,13,38.5,2,4,50,1,2,50,1,5,6,2,3,2,1,1,29.2,0,0,17,
Lonzo Ball,LAL,21,1,1,0,32,11,4,11,36.4,3,5,60,0,0,0,5,1,6,3,2,1,0,4,23.7,0,0,7,
LeBron James,LAL,33,1,1,0,36,44,13,19,68.4,5,6,83.3,13,15,86.7,2,8,10,9,4,1,3,0,77.5,1,0,4,
Larry Nance Jr.,CLE,25,1,0,1,26,10,3,4,75,1,2,50,3,5,60,2,4,6,5,3,4,2,0,39.7,0,0,-13,
Langston Galloway,DET,26,1,1,0,31,13,5,8,62.5,2,5,40,1,1,100,0,2,2,2,2,0,0,4,16.4,0,0,7,
Landry Shamet,PHI,21,1,0,1,15,7,3,7,42.9,1,4,25,0,0,0,1,0,1,1,0,0,0,1,9.7,0,0,-15,
Lance Stephenson,LAL,28,1,1,0,13,4,2,8,25,0,5,0,0,0,0,0,4,4,2,1,1,0,1,13.8,0,0,4,
LaMarcus Aldridge,SAS,33,1,0,1,29,6,3,12,25,0,1,0,0,0,0,4,8,12,0,2,0,0,1,18.4,0,0,-11,
Kyrie Irving,BOS,26,1,1,0,28,17,6,8,75,1,1,100,4,4,100,1,5,6,7,1,2,0,1,39.7,0,0,20,
Kyle Lowry,TOR,32,1,0,1,38,14,6,10,60,1,3,33.3,1,2,50,1,6,7,7,5,0,0,1,27.9,0,0,-3,
Kyle Kuzma,LAL,23,1,1,0,25,7,3,8,37.5,1,2,50,0,0,0,0,5,5,0,1,1,0,0,15,0,0,5,
Kyle Anderson,MEM,25,1,1,0,39,6,3,5,60,0,0,0,0,0,0,1,7,8,5,2,0,1,5,24.1,0,0,1,
Khris Middleton,MIL,27,1,0,1,32,25,8,16,50,2,7,28.6,7,7,100,1,4,5,3,2,0,0,1,33.5,0,0,-19,
Kevin Knox,NYK,19,1,0,1,29,15,5,16,31.3,2,7,28.6,3,3,100,1,4,5,1,3,1,0,3,22.5,0,0,-14,
Kentavious Caldwell-Pope,LAL,25,1,1,0,17,13,4,8,50,3,4,75,2,2,100,0,4,4,2,1,2,0,2,25.8,0,0,7,
Kenneth Faried,BKN,28,1,0,1,9,5,2,4,50,0,0,0,1,2,50,1,0,1,0,0,0,0,1,6.2,0,0,3,
Kelly Oubre Jr.,WAS,22,1,1,0,18,8,3,12,25,0,5,0,2,3,66.7,0,7,7,1,2,1,1,0,21.9,0,0,14,
Kelly Olynyk,MIA,27,1,1,0,16,8,3,4,75,1,2,50,1,3,33.3,1,4,5,3,3,0,1,4,18.5,0,0,6,
Kawhi Leonard,TOR,27,1,0,1,35,26,10,18,55.6,0,2,0,6,8,75,0,9,9,4,6,3,0,2,45.8,0,0,1,
Karl-Anthony Towns,MIN,23,1,1,0,35,25,9,17,52.9,2,4,50,5,5,100,5,11,16,3,5,0,2,5,49.7,1,0,9,
Jusuf Nurkic,POR,24,1,0,1,35,21,7,13,53.8,0,0,0,7,8,87.5,6,8,14,1,2,3,4,4,58.3,1,0,0,
Justise Winslow,MIA,22,1,1,0,34,6,2,8,25,0,1,0,2,2,100,1,10,11,3,4,0,0,2,19.7,0,0,19,
Justin Holiday,CHI,29,1,0,1,32,6,2,10,20,2,7,28.6,0,0,0,1,1,2,4,1,1,0,2,16.4,0,0,-22,
Julius Randle,NOP,23,1,0,1,14,3,1,4,25,0,1,0,1,4,25,1,2,3,0,5,0,0,4,1.6,0,0,-7,
Jrue Holiday,NOP,28,1,0,1,39,14,7,18,38.9,0,3,0,0,0,0,2,2,4,10,6,0,2,3,33.8,1,0,0,
Josh Richardson,MIA,25,1,1,0,36,15,5,13,38.5,2,7,28.6,3,4,75,1,4,5,5,3,0,0,4,25.5,0,0,17,
Josh Okogie,MIN,20,1,1,0,17,11,4,9,44.4,3,5,60,0,0,0,1,4,5,1,1,3,0,3,26.5,0,0,15,
Josh Jackson,PHX,21,1,1,0,22,14,6,13,46.2,2,3,66.7,0,0,0,1,3,4,3,0,0,1,2,26.3,0,0,-3,
Josh Hart,LAL,23,1,1,0,24,6,2,7,28.6,2,6,33.3,0,0,0,0,5,5,1,2,0,1,2,14.5,0,0,5,
Jose Calderon,DET,37,1,1,0,6,0,0,0,0,0,0,0,0,0,0,0,1,1,2,1,0,1,1,6.2,0,0,-4,
Jordan Clarkson,CLE,26,1,0,1,27,9,4,13,30.8,0,4,0,1,1,100,0,2,2,1,6,1,0,3,9.9,0,0,-11,
Jonathon Simmons,ORL,29,1,1,0,19,12,3,4,75,2,2,100,4,4,100,0,1,1,1,1,0,0,5,13.7,0,0,5,
Jonathan Isaac,ORL,21,1,1,0,16,4,1,3,33.3,0,0,0,2,2,100,2,4,6,0,0,0,1,0,14.2,0,0,5,
Jonas Valanciunas,TOR,26,1,0,1,27,14,6,12,50,0,1,0,2,2,100,2,4,6,0,3,0,1,4,21.2,0,0,5,
Jon Leuer,DET,29,1,1,0,7,4,2,3,66.7,0,1,0,0,0,0,1,3,4,1,2,1,0,3,11.3,0,0,8,
John Wall,WAS,28,1,1,0,21,8,3,10,30,1,2,50,1,1,100,2,3,5,9,3,2,1,4,33.5,0,0,4,
John Henson,MIL,27,1,0,1,5,0,0,2,0,0,2,0,0,0,0,0,3,3,1,0,0,0,0,5.1,0,0,-7,
Joel Embiid,PHI,24,1,0,1,36,19,6,20,30,4,7,57.1,3,4,75,0,13,13,10,2,0,2,2,53.6,1,1,2,
Joe Ingles,UTA,31,1,0,1,25,8,3,8,37.5,2,5,40,0,0,0,1,2,3,2,2,0,0,1,12.6,0,0,-20,
Joe Harris,BKN,27,1,0,1,25,11,4,9,44.4,1,3,33.3,2,2,100,1,4,5,3,0,0,0,4,21.5,0,0,-18,
Jimmy Butler,PHI,29,1,0,1,33,14,6,12,50,0,1,0,2,2,100,1,3,4,2,2,0,0,3,19.8,0,0,-10,
Jerian Grant,ORL,26,1,1,0,17,5,2,3,66.7,1,2,50,0,0,0,0,0,0,2,1,1,0,3,10,0,0,2,
Jerami Grant,OKC,24,1,1,0,28,15,6,10,60,3,5,60,0,0,0,0,5,5,0,4,0,0,3,17,0,0,9,
Jeff Teague,MIN,30,1,1,0,37,14,4,13,30.8,1,5,20,5,6,83.3,0,2,2,14,3,1,1,2,40.4,1,0,-9,
Jeff Green,WAS,32,1,1,0,24,8,3,7,42.9,1,3,33.3,1,1,100,1,2,3,3,3,2,1,3,22.1,0,0,14,
Jayson Tatum,BOS,20,1,1,0,27,14,5,14,35.7,4,8,50,0,0,0,2,4,6,0,2,1,0,2,22.2,0,0,6,
Jaylen Brown,BOS,22,1,1,0,25,18,8,14,57.1,2,4,50,0,0,0,0,6,6,3,3,1,0,1,29.7,0,0,12,
Jason Smith,WAS,32,1,1,0,3,2,0,0,0,0,0,0,2,2,100,0,2,2,0,0,0,0,0,4.4,0,0,3,
Jaren Jackson Jr.,MEM,19,1,1,0,16,13,5,8,62.5,1,1,100,2,3,66.7,0,2,2,1,0,2,0,5,22.9,0,0,-1,
Jared Dudley,BKN,33,1,0,1,25,10,4,9,44.4,2,4,50,0,0,0,2,3,5,0,3,1,1,3,19,0,0,-5,
Jamal Crawford,PHX,38,1,1,0,17,11,4,5,80,2,3,66.7,1,2,50,0,1,1,4,3,0,1,0,18.2,0,0,6,
Jalen Brunson,DAL,22,1,1,0,9,9,4,4,100,0,0,0,1,1,100,0,2,2,4,1,0,0,1,16.4,0,0,19,
Jakob Poeltl,SAS,23,1,0,1,19,7,2,6,33.3,0,0,0,3,4,75,4,5,9,1,2,1,2,1,26.3,0,0,-9,
Jake Layman,POR,24,1,0,1,24,6,2,2,100,2,2,100,0,0,0,1,3,4,0,1,1,0,4,12.8,0,0,14,
Jae Crowder,UTA,28,1,0,1,22,5,2,12,16.7,1,9,11.1,0,0,0,0,1,1,1,1,1,0,1,9.7,0,0,-21,
Jabari Parker,CHI,23,1,0,1,27,14,6,13,46.2,2,4,50,0,0,0,0,5,5,2,5,0,1,1,21,0,0,-16,
JaVale McGee,LAL,30,1,1,0,24,20,9,12,75,0,0,0,2,2,100,2,2,4,0,1,2,2,3,35.8,0,0,5,
JR Smith,CLE,33,1,0,1,24,6,3,11,27.3,0,4,0,0,2,0,0,2,2,3,1,0,0,2,11.9,0,0,-11,
JJ Redick,PHI,34,1,0,1,33,22,8,13,61.5,4,7,57.1,2,2,100,0,4,4,6,4,0,0,3,31.8,0,0,8,
J.J. Barea,DAL,34,1,1,0,19,14,5,8,62.5,0,3,0,4,7,57.1,0,2,2,5,0,1,0,1,26.9,0,0,20,
Ish Smith,DET,30,1,1,0,21,8,4,8,50,0,1,0,0,0,0,0,2,2,5,0,0,1,2,20.9,0,0,-1,
Isaiah Canaan,PHX,27,1,1,0,32,19,7,8,87.5,5,5,100,0,0,0,0,4,4,1,2,1,0,3,26.3,0,0,14,
Ian Mahinmi,WAS,32,1,1,0,24,9,2,3,66.7,1,2,50,4,6,66.7,4,3,7,2,0,2,0,4,26.4,0,0,24,
Ian Clark,NOP,27,1,0,1,13,0,0,3,0,0,2,0,0,0,0,0,2,2,0,1,0,0,0,1.4,0,0,-13,
Hassan Whiteside,MIA,29,1,1,0,22,14,5,10,50,0,1,0,4,6,66.7,2,8,10,0,1,2,2,4,37,1,0,7,
Harrison Barnes,DAL,26,1,1,0,26,19,6,11,54.5,3,5,60,4,4,100,0,4,4,2,0,0,0,1,26.8,0,0,19,
Hamidou Diallo,OKC,20,1,1,0,19,11,5,11,45.5,1,1,100,0,0,0,2,2,4,0,0,2,0,2,21.8,0,0,4,
Guerschon Yabusele,BOS,22,1,1,0,6,3,0,1,0,0,0,0,3,4,75,0,1,1,1,0,0,0,0,5.7,0,0,1,
Greg Monroe,TOR,28,1,0,1,21,17,8,10,80,0,0,0,1,2,50,3,6,9,0,3,1,0,1,27.8,0,0,-7,
Grayson Allen,UTA,23,1,0,1,21,5,2,9,22.2,1,5,20,0,0,0,0,0,0,1,4,0,0,5,2.5,0,0,-26,
Gorgui Dieng,MIN,28,1,1,0,13,2,1,4,25,0,0,0,0,0,0,0,4,4,0,0,1,0,4,9.8,0,0,-2,
Gordon Hayward,BOS,28,1,1,0,29,11,4,12,33.3,1,4,25,2,3,66.7,2,2,4,4,1,3,0,1,29.8,0,0,24,
Goran Dragic,MIA,32,1,1,0,29,21,8,15,53.3,1,4,25,4,6,66.7,0,3,3,4,3,0,0,2,27.6,0,0,5,
Glenn Robinson III,DET,24,1,1,0,17,7,1,3,33.3,1,2,50,4,5,80,0,1,1,0,1,0,0,1,7.2,0,0,-7,
Giannis Antetokounmpo,MIL,23,1,0,1,35,31,10,14,71.4,0,2,0,11,12,91.7,1,8,9,4,6,1,2,4,50.8,0,0,4,
Georges Niang,UTA,25,1,0,1,6,0,0,3,0,0,2,0,0,0,0,0,0,0,0,0,0,0,0,0,0,0,-13,
Garrett Temple,MEM,32,1,1,0,38,11,3,9,33.3,1,4,25,4,4,100,0,5,5,2,1,2,0,4,25,0,0,13,
Furkan Korkmaz,PHI,21,1,0,1,15,8,3,7,42.9,2,2,100,0,0,0,0,3,3,1,0,1,0,0,16.1,0,0,5,
Fred VanVleet,TOR,24,1,0,1,23,4,2,8,25,0,2,0,0,0,0,1,1,2,5,0,1,0,1,16.9,0,0,-16,
Frank Ntilikina,NYK,20,1,0,1,21,4,2,6,33.3,0,2,0,0,0,0,0,2,2,2,0,0,1,1,12.4,0,0,-11,
Evan Turner,POR,30,1,0,1,27,6,3,9,33.3,0,1,0,0,0,0,1,6,7,6,1,0,1,1,25.4,0,0,-21,
Evan Fournier,ORL,26,1,1,0,28,9,4,12,33.3,1,5,20,0,0,0,2,2,4,0,4,0,0,4,9.8,0,0,-3,
Ersan Ilyasova,MIL,31,1,0,1,25,6,3,7,42.9,0,2,0,0,0,0,3,2,5,0,2,0,0,3,10,0,0,-16,
Eric Bledsoe,MIL,28,1,0,1,30,15,6,11,54.5,1,3,33.3,2,4,50,1,5,6,7,1,2,0,5,37.7,0,0,16,
Enes Kanter,NYK,26,1,0,1,22,19,8,11,72.7,1,1,100,2,3,66.7,2,3,5,1,2,0,0,2,24.5,0,0,-10,
Emmanuel Mudiay,NYK,22,1,0,1,21,7,2,5,40,0,2,0,3,4,75,0,1,1,5,3,1,1,0,18.7,0,0,-13,
Ekpe Udoh,UTA,31,1,0,1,11,2,1,2,50,0,0,0,0,0,0,0,2,2,0,1,0,0,2,3.4,0,0,-22,
Ed Davis,BKN,29,1,0,1,17,8,3,6,50,0,0,0,2,2,100,4,5,9,1,1,1,0,3,22.3,0,0,-4,
E'Twaun Moore,NOP,29,1,0,1,38,31,13,23,56.5,4,8,50,1,4,25,1,3,4,4,2,1,0,4,42.8,0,0,7,
Dzanan Musa,BKN,19,1,0,1,3,0,0,1,0,0,1,0,0,0,0,0,1,1,0,1,0,0,0,0.2,0,0,3,
Dwight Powell,DAL,27,1,1,0,26,13,4,8,50,1,4,25,4,5,80,0,5,5,4,1,1,1,4,30,0,0,34,
Dwight Howard,WAS,32,1,1,0,20,10,5,8,62.5,0,0,0,0,1,0,0,7,7,0,2,0,0,4,16.4,0,0,-2,
Duncan Robinson,MIA,24,1,1,0,1,0,0,0,0,0,0,0,0,0,0,0,0,0,0,0,0,0,0,0,0,0,-2,
Dragan Bender,PHX,20,1,1,0,4,0,0,2,0,0,1,0,0,0,0,0,1,1,0,0,0,0,0,1.2,0,0,0,
Dorian Finney-Smith,DAL,25,1,1,0,22,11,4,4,100,3,3,100,0,2,0,2,3,5,0,1,1,1,2,22,0,0,23,
Donte DiVincenzo,MIL,21,1,0,1,6,3,1,2,50,1,2,50,0,0,0,0,0,0,0,0,0,0,2,3,0,0,-7,
Donovan Mitchell,UTA,22,1,0,1,25,10,3,9,33.3,1,3,33.3,3,3,100,2,1,3,3,5,0,1,1,16.1,0,0,-12,
Devin Harris,DAL,35,1,1,0,13,4,2,4,50,0,1,0,0,1,0,0,1,1,0,3,1,0,1,5.2,0,0,11,
Devin Booker,PHX,22,1,1,0,37,13,5,14,35.7,2,6,33.3,1,1,100,1,3,4,12,7,2,0,1,34.8,1,0,20,
Derrick White,SAS,24,1,0,1,29,16,6,12,50,1,5,20,3,4,75,1,3,4,3,5,0,0,0,20.3,0,0,-20,
Derrick Favors,UTA,27,1,0,1,22,8,4,8,50,0,1,0,0,0,0,1,3,4,0,1,1,2,3,20.8,0,0,-7,
Deonte Burton,OKC,24,1,1,0,12,7,3,6,50,1,2,50,0,0,0,1,3,4,1,1,2,1,1,21.3,0,0,5,
Dennis Smith Jr.,DAL,20,1,1,0,22,7,3,9,33.3,1,4,25,0,0,0,0,4,4,3,4,1,0,3,15.3,0,0,13,
Dennis Schroder,OKC,25,1,1,0,30,15,5,10,50,3,5,60,2,2,100,0,4,4,12,3,1,1,2,40.8,1,0,30,
Delon Wright,TOR,26,1,0,1,14,0,0,4,0,0,3,0,0,0,0,1,1,2,2,1,1,0,0,7.4,0,0,-1,
Deandre Ayton,PHX,20,1,1,0,30,17,8,11,72.7,0,1,0,1,1,100,1,9,10,3,1,1,0,2,35.5,1,0,16,
DeMarre Carroll,BKN,32,1,0,1,28,8,2,9,22.2,1,4,25,3,4,75,2,4,6,1,0,0,0,1,16.7,0,0,-5,
DeMar DeRozan,SAS,29,1,0,1,32,24,7,15,46.7,0,0,0,10,10,100,0,5,5,4,2,0,0,2,34,0,0,-17,
DeAndre Jordan,DAL,30,1,1,0,22,4,2,3,66.7,0,0,0,0,0,0,3,7,10,4,4,1,0,3,21,0,0,16,
De'Anthony Melton,PHX,20,1,1,0,10,3,1,1,100,1,1,100,0,0,0,0,3,3,1,0,0,0,1,8.1,0,0,0,
Davis Bertans,SAS,26,1,0,1,14,2,1,3,33.3,0,2,0,0,1,0,1,2,3,1,1,0,0,2,6.1,0,0,-1,
David Nwaba,CLE,25,1,0,1,29,11,5,8,62.5,0,2,0,1,2,50,1,6,7,1,1,2,1,2,28.9,0,0,-19,
Darius Miller,NOP,28,1,0,1,18,0,0,1,0,0,1,0,0,0,0,0,1,1,1,1,1,0,0,4.7,0,0,-16,
Dario Saric,MIN,24,1,1,0,20,9,3,7,42.9,1,2,50,2,2,100,1,2,3,1,1,2,0,2,19.1,0,0,7,
Dante Exum,UTA,23,1,0,1,21,3,1,5,20,0,2,0,1,2,50,0,1,1,2,0,1,0,2,10.2,0,0,-31,
Dante Cunningham,SAS,31,1,0,1,25,5,2,5,40,1,2,50,0,0,0,1,1,2,1,2,2,1,1,15.9,0,0,-18,
Danny Green,TOR,31,1,0,1,20,5,2,4,50,1,1,100,0,0,0,0,2,2,1,0,0,0,1,8.9,0,0,11,
Daniel Theis,BOS,26,1,1,0,9,2,1,1,100,0,0,0,0,0,0,0,1,1,0,1,1,1,2,8.2,0,0,-3,
Damyean Dotson,NYK,24,1,0,1,23,4,2,7,28.6,0,1,0,0,0,0,2,2,4,3,0,2,1,1,22.3,0,0,-11,
Damian Lillard,POR,28,1,0,1,38,31,8,23,34.8,3,9,33.3,12,13,92.3,1,7,8,11,2,0,1,2,58.1,1,0,-7,
D.J. Augustin,ORL,31,1,1,0,31,4,1,6,16.7,0,3,0,2,3,66.7,0,0,0,9,0,0,0,1,17.5,0,0,3,
D'Angelo Russell,BKN,22,1,0,1,24,12,6,18,33.3,0,3,0,0,0,0,1,2,3,5,3,1,0,4,23.1,0,0,-4,
Cristiano Felicio,CHI,26,1,0,1,9,6,2,3,66.7,0,0,0,2,2,100,2,1,3,0,0,0,0,0,9.6,0,0,-1,
Collin Sexton,CLE,19,1,0,1,34,24,9,16,56.3,2,3,66.7,4,4,100,0,3,3,2,4,0,0,2,26.6,0,0,-15,
Chimezie Metu,SAS,21,1,0,1,7,3,1,2,50,0,0,0,1,3,33.3,0,2,2,0,1,0,0,1,4.4,0,0,0,
Cheick Diallo,NOP,22,1,0,1,7,2,1,2,50,0,0,0,0,0,0,2,2,4,0,0,0,0,2,6.8,0,0,-13,
Channing Frye,CLE,35,1,0,1,7,0,0,2,0,0,0,0,0,0,0,0,1,1,0,2,0,0,0,-0.8,0,0,-1,
Chandler Hutchison,CHI,22,1,0,1,21,0,0,3,0,0,1,0,0,0,0,0,3,3,1,2,1,0,1,6.1,0,0,-13,
Cedi Osman,CLE,23,1,0,1,24,4,2,6,33.3,0,3,0,0,0,0,0,5,5,3,2,0,1,0,15.5,0,0,-13,
Cameron Payne,CHI,24,1,0,1,8,2,1,2,50,0,0,0,0,0,0,0,1,1,0,1,0,0,0,2.2,0,0,-1,
CJ McCollum,POR,27,1,0,1,35,23,9,20,45,3,8,37.5,2,2,100,0,1,1,4,2,2,0,4,34.2,0,0,-11,
Bryn Forbes,SAS,25,1,0,1,28,13,4,9,44.4,3,5,60,2,2,100,0,1,1,1,1,0,0,1,14.7,0,0,-8,
Brook Lopez,MIL,30,1,0,1,25,6,2,5,40,2,5,40,0,0,0,0,2,2,3,0,0,0,2,12.9,0,0,-8,
Brandon Ingram,LAL,21,1,1,0,32,17,6,15,40,1,3,33.3,4,5,80,0,2,2,4,0,1,0,2,28.4,0,0,0,
Bradley Beal,WAS,25,1,1,0,28,20,7,16,43.8,3,10,30,3,4,75,1,2,3,3,2,3,0,2,35.1,0,0,8,
Brad Wanamaker,BOS,29,1,1,0,9,3,1,2,50,1,1,100,0,0,0,0,1,1,2,1,0,0,0,6.2,0,0,3,
Blake Griffin,DET,29,1,1,0,40,30,13,22,59.1,3,8,37.5,1,2,50,1,11,12,3,5,3,2,2,58.9,1,0,6,
Ben Simmons,PHI,22,1,0,1,31,9,3,5,60,0,0,0,3,5,60,0,3,3,6,1,0,1,3,23.6,0,0,-12,
Bam Adebayo,MIA,21,1,1,0,10,12,6,6,100,0,0,0,0,0,0,0,3,3,1,0,0,1,5,20.1,0,0,3,
Austin Rivers,WAS,26,1,1,0,29,12,4,10,40,3,8,37.5,1,4,25,0,1,1,2,1,1,0,3,18.2,0,0,19,
Aron Baynes,BOS,31,1,1,0,19,9,3,9,33.3,2,5,40,1,1,100,2,9,11,3,0,1,2,1,35.7,0,0,19,
Antonio Blakeney,CHI,22,1,0,1,18,7,3,10,30,1,4,25,0,0,0,0,1,1,1,4,0,1,4,8.7,0,0,-13,
Anthony Davis,NOP,25,1,0,1,41,29,9,25,36,2,3,66.7,9,10,90,2,9,11,2,0,2,4,2,63.2,1,0,6,
Ante Zizic,CLE,21,1,0,1,15,2,1,1,100,0,0,0,0,2,0,1,2,3,1,0,0,0,5,7.1,0,0,-10,
Andrew Wiggins,MIN,23,1,1,0,38,23,8,22,36.4,4,9,44.4,3,5,60,3,3,6,4,2,3,1,1,46.2,0,0,-5,
Andrew Harrison,CLE,24,1,0,1,19,10,3,5,60,1,2,50,3,3,100,2,2,4,2,1,2,1,4,25.8,0,0,-11,
Andre Drummond,DET,25,1,1,0,36,11,5,15,33.3,0,0,0,1,4,25,6,8,14,2,1,0,1,3,32.8,1,0,-3,
Amir Johnson,PHI,31,1,0,1,6,0,0,0,0,0,0,0,0,0,0,0,1,1,2,1,0,0,0,3.2,0,0,-1,
Allonzo Trier,NYK,22,1,0,1,32,11,4,10,40,1,2,50,2,3,66.7,1,4,5,1,4,3,0,2,23.5,0,0,-12,
Allen Crabbe,BKN,26,1,0,1,26,6,2,6,33.3,2,4,50,0,0,0,0,1,1,0,1,2,0,6,12.2,0,0,-3,
Alex Abrines,OKC,25,1,1,0,7,0,0,2,0,0,1,0,0,0,0,0,0,0,0,1,0,0,0,-1,0,0,3,
Alec Burks,UTA,27,1,0,1,17,5,2,7,28.6,0,1,0,1,2,50,1,2,3,2,2,0,0,1,9.6,0,0,-21,
Al-Farouq Aminu,POR,28,1,0,1,34,18,7,11,63.6,4,7,57.1,0,0,0,2,3,5,0,3,0,3,3,30,0,0,-2,
Al Horford,BOS,32,1,1,0,20,10,4,6,66.7,2,2,100,0,0,0,0,8,8,3,0,1,2,0,33.1,0,0,13,
Abdel Nader,OKC,25,1,1,0,3,4,2,3,66.7,0,0,0,0,0,0,1,2,3,0,0,0,1,0,10.6,0,0,3,
Aaron Gordon,ORL,23,1,1,0,32,17,7,13,53.8,1,3,33.3,2,3,66.7,0,6,6,6,1,1,2,4,41.2,0,0,0,
